,avg_t, avg_t1, avg_t2, delta_t_t1, delta_t1_t2, in_sample_err, out_sample_err,alpha0,alpha1,alpha2,alpha3
0,601.631808663602,619.4636194628191,643.3299877202123,19.874922998182885,9.765142635165114,19.946717888777012,9.787532444124027,1.3081299634669448e-19,1.903945418341933e-10,0.652762349526828,10322497.064372886
1,619.4636194628191,643.3299877202123,663.0979993335408,9.765142635165114,7.205915617422939,10.02325663301592,7.720295683463431,-7.135059560269379e-18,4.007955417874507e-09,0.37091369930138474,-714350.2711779475
2,643.3299877202123,663.0979993335408,880.1136441880889,7.205915617422939,23.53799857871123,16.186596374955432,24.09606544775331,2.7310758547077585e-18,-1.8952926407434163e-09,0.9191312287679179,-9403522.989837166
3,663.0979993335408,880.1136441880889,809.0202882712379,23.53799857871123,24.643272167594247,22.68699408247866,106.0462439871103,1.3187098271661992e-17,-6.5533428849866604e-09,2.364741783507566,-33537571.232424956
4,880.1136441880889,809.0202882712379,834.7928580239299,24.643272167594247,10.570486865045686,25.10455574072849,38.30601465180825,-2.5080567999602337e-18,2.709006402113403e-09,0.2619058008175619,19363148.170101404
5,809.0202882712379,834.7928580239299,846.9909773937761,10.570486865045686,20.184209923614933,26.486171044638688,12.348625867327769,1.1695316971172695e-19,-5.276436255499085e-10,0.8460857271880461,-14816374.250870004
6,834.7928580239299,846.9909773937761,878.0469313602213,20.184209923614933,9.583500218164144,13.030989529784213,15.125139896986115,2.521854319964679e-19,-5.671998560270468e-10,0.7858354781700717,-8097215.872938517
7,846.9909773937761,878.0469313602213,961.8764866551662,9.583500218164144,13.25998976377518,15.47723852694827,15.741544870135693,6.122884594664726e-19,-6.478051206496305e-11,0.375142022587106,3942037.309783275
